ID,Category
16852973,HR
22323967,HR
33176873,HR
27018550,HR
17812897,HR
11592605,HR
25824789,HR
15375009,HR
11847784,HR
32896934,HR
29149998,HR
11480899,HR
23155093,HR
11763983,HR
27490876,HR
32977530,HR
93002334,HR
24184357,HR
73077810,HR
13879043,HR
30163002,HR
18827609,HR
25676643,HR
12786012,HR
87968870,HR
46258701,HR
14225422,HR
29297973,HR
18334783,HR
19717385,HR
49937469,HR
18316239,HR
17855844,HR
57667857,HR
17422560,HR
32947778,HR
23914451,HR
21265194,HR
51769822,HR
19616406,HR
41523474,HR
59962788,HR
86184722,HR
28419173,HR
18155310,HR
26780935,HR
34554248,HR
26202430,HR
19867922,HR
91930382,HR
30646367,HR
39650734,HR
72231872,HR
13520837,HR
18422164,HR
30862904,HR
52979663,HR
28828844,HR
21830565,HR
27523575,HR
39081840,HR
20925036,HR
15576950,HR
29564653,HR
14886205,HR
17412079,HR
16861758,HR
93112113,HR
15041689,HR
80162314,HR
20993320,HR
14640322,HR
26289308,HR
23408537,HR
28808263,HR
18084150,HR
26671167,HR
44476983,HR
16877897,HR
29091445,HR
25724495,HR
24508725,HR
11698189,HR
27165830,HR
47470864,HR
34740556,HR
18557164,HR
19179079,HR
13376919,HR
26048718,HR
17150707,HR
18297650,HR
23510685,HR
39970711,HR
20806155,HR
28640735,HR
15575117,HR
27496514,HR
14256329,HR
19336728,HR
10694288,HR
28175164,HR
10399912,HR
20417897,HR
18731098,HR
30563572,HR
24402267,HR
32308556,HR
27847081,HR
25150191,HR
36856210,INFORMATION-TECHNOLOGY
21780877,INFORMATION-TECHNOLOGY
33241454,INFORMATION-TECHNOLOGY
25990239,INFORMATION-TECHNOLOGY
16899268,INFORMATION-TECHNOLOGY
91635250,INFORMATION-TECHNOLOGY
19796840,INFORMATION-TECHNOLOGY
15651486,INFORMATION-TECHNOLOGY
52246737,INFORMATION-TECHNOLOGY
12045067,INFORMATION-TECHNOLOGY
13836471,INFORMATION-TECHNOLOGY
14789139,INFORMATION-TECHNOLOGY
36434348,INFORMATION-TECHNOLOGY
27536013,INFORMATION-TECHNOLOGY
18301617,INFORMATION-TECHNOLOGY
24913648,INFORMATION-TECHNOLOGY
26801767,INFORMATION-TECHNOLOGY
27372171,INFORMATION-TECHNOLOGY
91697974,INFORMATION-TECHNOLOGY
28672970,INFORMATION-TECHNOLOGY
66832845,INFORMATION-TECHNOLOGY
25207620,INFORMATION-TECHNOLOGY
41344156,INFORMATION-TECHNOLOGY
68460556,INFORMATION-TECHNOLOGY
10247517,INFORMATION-TECHNOLOGY
25959103,INFORMATION-TECHNOLOGY
13385306,INFORMATION-TECHNOLOGY
38753827,INFORMATION-TECHNOLOGY
17681064,INFORMATION-TECHNOLOGY
25905275,INFORMATION-TECHNOLOGY
11580408,INFORMATION-TECHNOLOGY
19201175,INFORMATION-TECHNOLOGY
12635195,INFORMATION-TECHNOLOGY
32959732,INFORMATION-TECHNOLOGY
17688766,INFORMATION-TECHNOLOGY
20024870,INFORMATION-TECHNOLOGY
22450718,INFORMATION-TECHNOLOGY
46260230,INFORMATION-TECHNOLOGY
10839851,INFORMATION-TECHNOLOGY
18752129,INFORMATION-TECHNOLOGY
37764298,INFORMATION-TECHNOLOGY
90867631,INFORMATION-TECHNOLOGY
17641670,INFORMATION-TECHNOLOGY
24889109,INFORMATION-TECHNOLOGY
24083609,INFORMATION-TECHNOLOGY
24038620,INFORMATION-TECHNOLOGY
29051656,INFORMATION-TECHNOLOGY
20237244,INFORMATION-TECHNOLOGY
20001721,INFORMATION-TECHNOLOGY
92069209,INFORMATION-TECHNOLOGY
13405733,INFORMATION-TECHNOLOGY
28697203,INFORMATION-TECHNOLOGY
28035460,INFORMATION-TECHNOLOGY
21283365,INFORMATION-TECHNOLOGY
17987433,INFORMATION-TECHNOLOGY
10553553,INFORMATION-TECHNOLOGY
15118506,INFORMATION-TECHNOLOGY
18176523,INFORMATION-TECHNOLOGY
24020470,INFORMATION-TECHNOLOGY
70089206,INFORMATION-TECHNOLOGY
27770859,INFORMATION-TECHNOLOGY
57002858,INFORMATION-TECHNOLOGY
13477922,INFORMATION-TECHNOLOGY
28126340,INFORMATION-TECHNOLOGY
37242217,INFORMATION-TECHNOLOGY
10089434,INFORMATION-TECHNOLOGY
11957080,INFORMATION-TECHNOLOGY
35325329,INFORMATION-TECHNOLOGY
10840430,INFORMATION-TECHNOLOGY
64017585,INFORMATION-TECHNOLOGY
19850482,INFORMATION-TECHNOLOGY
52618188,INFORMATION-TECHNOLOGY
28897981,INFORMATION-TECHNOLOGY
51639418,INFORMATION-TECHNOLOGY
20674668,INFORMATION-TECHNOLOGY
23527321,INFORMATION-TECHNOLOGY
18159866,INFORMATION-TECHNOLOGY
22776912,INFORMATION-TECHNOLOGY
23864648,INFORMATION-TECHNOLOGY
18187364,INFORMATION-TECHNOLOGY
83816738,INFORMATION-TECHNOLOGY
20824105,INFORMATION-TECHNOLOGY
33381211,INFORMATION-TECHNOLOGY
16533554,INFORMATION-TECHNOLOGY
20879311,INFORMATION-TECHNOLOGY
31111279,INFORMATION-TECHNOLOGY
17111768,INFORMATION-TECHNOLOGY
11584809,INFORMATION-TECHNOLOGY
20408458,INFORMATION-TECHNOLOGY
91121135,INFORMATION-TECHNOLOGY
24230851,INFORMATION-TECHNOLOGY
40018190,INFORMATION-TECHNOLOGY
16186411,INFORMATION-TECHNOLOGY
29975124,INFORMATION-TECHNOLOGY
26746496,INFORMATION-TECHNOLOGY
89413122,INFORMATION-TECHNOLOGY
12334140,INFORMATION-TECHNOLOGY
10641230,INFORMATION-TECHNOLOGY
10265057,INFORMATION-TECHNOLOGY
30223363,INFORMATION-TECHNOLOGY
15791766,INFORMATION-TECHNOLOGY
29075857,INFORMATION-TECHNOLOGY
12763627,INFORMATION-TECHNOLOGY
39718499,INFORMATION-TECHNOLOGY
27058381,INFORMATION-TECHNOLOGY
25857360,INFORMATION-TECHNOLOGY
26768723,INFORMATION-TECHNOLOGY
31243710,INFORMATION-TECHNOLOGY
15297298,INFORMATION-TECHNOLOGY
27295996,INFORMATION-TECHNOLOGY
39413067,INFORMATION-TECHNOLOGY
48037995,INFORMATION-TECHNOLOGY
15802627,INFORMATION-TECHNOLOGY
51363762,INFORMATION-TECHNOLOGY
18067556,INFORMATION-TECHNOLOGY
27485716,INFORMATION-TECHNOLOGY
26480367,INFORMATION-TECHNOLOGY
81761658,INFORMATION-TECHNOLOGY
79541391,INFORMATION-TECHNOLOGY
23666211,INFORMATION-TECHNOLOGY
14206561,ENGINEERING
15139979,ENGINEERING
44624796,ENGINEERING
54227873,ENGINEERING
28005884,ENGINEERING
82246962,ENGINEERING
13149176,ENGINEERING
12022566,ENGINEERING
20981299,ENGINEERING
25919149,ENGINEERING
86828820,ENGINEERING
28320387,ENGINEERING
27756469,ENGINEERING
14049846,ENGINEERING
43752620,ENGINEERING
74236636,ENGINEERING
47549345,ENGINEERING
28505854,ENGINEERING
38535335,ENGINEERING
25608963,ENGINEERING
24647794,ENGINEERING
16803215,ENGINEERING
37335325,ENGINEERING
81125166,ENGINEERING
32081266,ENGINEERING
25797445,ENGINEERING
28831378,ENGINEERING
50328713,ENGINEERING
27040860,ENGINEERING
21807224,ENGINEERING
17926546,ENGINEERING
20882041,ENGINEERING
56691064,ENGINEERING
64755882,ENGINEERING
30097175,ENGINEERING
28628090,ENGINEERING
19612167,ENGINEERING
21298336,ENGINEERING
25930778,ENGINEERING
31684925,ENGINEERING
39855211,ENGINEERING
12518008,ENGINEERING
20566550,ENGINEERING
55953734,ENGINEERING
23234047,ENGINEERING
38314236,ENGINEERING
25425322,ENGINEERING
55595908,ENGINEERING
28631840,ENGINEERING
23438227,ENGINEERING
35737840,ENGINEERING
90280583,ENGINEERING
51588273,ENGINEERING
15601399,ENGINEERING
64468610,ENGINEERING
28078163,ENGINEERING
31677347,ENGINEERING
28762662,ENGINEERING
15858254,ENGINEERING
16911115,ENGINEERING
27152464,ENGINEERING
35651876,ENGINEERING
19124258,ENGINEERING
24322804,ENGINEERING
12488356,ENGINEERING
26834746,ENGINEERING
32985311,ENGINEERING
39835894,ENGINEERING
21847415,ENGINEERING
30288581,ENGINEERING
36149549,ENGINEERING
17103000,ENGINEERING
12011623,ENGINEERING
12748557,ENGINEERING
28923650,ENGINEERING
30542184,ENGINEERING
19396040,ENGINEERING
35389360,ENGINEERING
36517781,ENGINEERING
15941675,ENGINEERING
19397727,ENGINEERING
47919212,ENGINEERING
10712803,ENGINEERING
14554542,ENGINEERING
22605864,ENGINEERING
49127329,ENGINEERING
10219099,ENGINEERING
82125182,ENGINEERING
22890839,ENGINEERING
17108676,ENGINEERING
17488801,ENGINEERING
23497307,ENGINEERING
19553067,ENGINEERING
11981094,ENGINEERING
17043822,ENGINEERING
21038022,ENGINEERING
60004873,ENGINEERING
38220146,ENGINEERING
47276718,ENGINEERING
28630325,ENGINEERING
13264796,ENGINEERING
96029688,ENGINEERING
32802563,ENGINEERING
18753367,ENGINEERING
26456899,ENGINEERING
10985403,ENGINEERING
10030015,ENGINEERING
86209934,ENGINEERING
11890896,ENGINEERING
10624813,ENGINEERING
61579998,ENGINEERING
62071407,ENGINEERING
12472574,ENGINEERING
31694970,ENGINEERING
33685075,ENGINEERING
77828437,ENGINEERING
35172961,ENGINEERING
21629057,ENGINEERING
15906625,ACCOUNTANT
30361788,ACCOUNTANT
21031285,ACCOUNTANT
25749150,ACCOUNTANT
12338274,ACCOUNTANT
33527446,ACCOUNTANT
12442909,ACCOUNTANT
37997506,ACCOUNTANT
37370455,ACCOUNTANT
10554236,ACCOUNTANT
31602598,ACCOUNTANT
19545827,ACCOUNTANT
14470533,ACCOUNTANT
43685045,ACCOUNTANT
18365791,ACCOUNTANT
14224370,ACCOUNTANT
21794875,ACCOUNTANT
23734441,ACCOUNTANT
39115899,ACCOUNTANT
23139819,ACCOUNTANT
42487883,ACCOUNTANT
23636277,ACCOUNTANT
21338490,ACCOUNTANT
14491649,ACCOUNTANT
17407184,ACCOUNTANT
30813919,ACCOUNTANT
78403342,ACCOUNTANT
20393721,ACCOUNTANT
24817041,ACCOUNTANT
27980446,ACCOUNTANT
25462793,ACCOUNTANT
29456173,ACCOUNTANT
59403481,ACCOUNTANT
13491889,ACCOUNTANT
25846894,ACCOUNTANT
53640713,ACCOUNTANT
11163645,ACCOUNTANT
23513618,ACCOUNTANT
75286906,ACCOUNTANT
20253563,ACCOUNTANT
16237710,ACCOUNTANT
13294301,ACCOUNTANT
13130984,ACCOUNTANT
25127518,ACCOUNTANT
24799301,ACCOUNTANT
25067742,ACCOUNTANT
15821633,ACCOUNTANT
15363277,ACCOUNTANT
18132924,ACCOUNTANT
63137898,ACCOUNTANT
21763056,ACCOUNTANT
20624984,ACCOUNTANT
25935030,ACCOUNTANT
17556527,ACCOUNTANT
28939941,ACCOUNTANT
28359817,ACCOUNTANT
20345168,ACCOUNTANT
14496667,ACCOUNTANT
25862026,ACCOUNTANT
23246831,ACCOUNTANT
49204385,ACCOUNTANT
12802330,ACCOUNTANT
22925443,ACCOUNTANT
28614791,ACCOUNTANT
30304575,ACCOUNTANT
26065877,ACCOUNTANT
29821051,ACCOUNTANT
29999135,ACCOUNTANT
21853199,ACCOUNTANT
39674178,ACCOUNTANT
14449423,ACCOUNTANT
25547145,ACCOUNTANT
14055988,ACCOUNTANT
27637576,ACCOUNTANT
49997097,ACCOUNTANT
27558837,ACCOUNTANT
14126433,ACCOUNTANT
34198885,ACCOUNTANT
62809577,ACCOUNTANT
12065211,ACCOUNTANT
23416654,ACCOUNTANT
38847011,ACCOUNTANT
27573855,ACCOUNTANT
15592167,ACCOUNTANT
20082776,ACCOUNTANT
10674770,ACCOUNTANT
24294778,ACCOUNTANT
11759079,ACCOUNTANT
18669563,ACCOUNTANT
18569929,ACCOUNTANT
80053367,ACCOUNTANT
87635012,ACCOUNTANT
24703009,ACCOUNTANT
25867805,ACCOUNTANT
35554162,ACCOUNTANT
13701259,ACCOUNTANT
12202337,ACCOUNTANT
19446337,ACCOUNTANT
15289348,ACCOUNTANT
28969385,ACCOUNTANT
36425270,ACCOUNTANT
78257294,ACCOUNTANT
23438112,ACCOUNTANT
98559931,ACCOUNTANT
17306905,ACCOUNTANT
12780508,ACCOUNTANT
26975573,ACCOUNTANT
28298773,ACCOUNTANT
29050809,ACCOUNTANT
34816637,ACCOUNTANT
22465498,ACCOUNTANT
24103168,ACCOUNTANT
36024962,ACCOUNTANT
18635654,ACCOUNTANT
50222417,ACCOUNTANT
23387174,ACCOUNTANT
13072019,ACCOUNTANT
82649935,ACCOUNTANT
